{
    "ReturnToStart": 1b,
    "NpcInv": [
        {
            "Slot": 0b,
            "ForgeCaps": {
                "customnpcs:itemscripteddata": {
                }
            },
            "id": "variedcommodities:stone_dagger",
            "Count": 1b,
            "tag": {
                "display": {
                    "Lore": [
                        "§7Harbors no special",
                        "§7properties, aside from",
                        "§7Christmas Cheer"
                    ],
                    "Name": "§8Elf Knife"
                }
            },
            "Damage": 0s
        }
    ],
    "BossColor": 0,
    "PotionEffect": 0,
    "Size": 3,
    "stopAndInteract": 1b,
    "Resistances": {
        "Arrow": 1.0f,
        "Explosion": 1.0f,
        "Knockback": 1.0f,
        "Melee": 1.0f
    },
    "BossBar": 0b,
    "RespawnTime": 0,
    "NpcAngrySound": "",
    "ReactsToFire": 0b,
    "IgnoreCobweb": 1b,
    "PositionOffsetZ": 5.0f,
    "PositionOffsetY": 5.0f,
    "PositionOffsetX": 5.0f,
    "LootMode": 0,
    "TransformHasAI": 0b,
    "AttackStrenght": 5,
    "PersistenceRequired": 0b,
    "id": "customnpcs:customnpc",
    "IsStatue": 0b,
    "MovingPatern": 0,
    "NpcLines": {
        "Lines": [
        ]
    },
    "DefendFaction": 1b,
    "FireIndirect": 0,
    "NpcVisible": 0,
    "LinkedNpcName": "",
    "NpcScenes": {
        "Scenes": [
        ]
    },
    "MercenaryHiredTime": 0L,
    "HitSound": "minecraft:entity.arrow.hit",
    "FindShelter": 2,
    "Air": 300s,
    "TacticalVariant": 0,
    "Orientation": 0,
    "ScriptLanguage": "ECMAScript",
    "HandItems": [
        {
        },
        {
        }
    ],
    "KnockBack": 0,
    "TransformHasJob": 0b,
    "ArmorDropChances": [
        0.085f,
        0.085f,
        0.085f,
        0.085f
    ],
    "BurnInSun": 0b,
    "StandingState": 0,
    "AttackInvisible": 0b,
    "NpcInteractNPCLines": {
        "Lines": [
        ]
    },
    "HurtTime": 0s,
    "WalkingRange": 10,
    "MercenaryInfiniteDays": 0b,
    "ShotCount": 1,
    "pDur": 5,
    "AttackRange": 1,
    "NpcKillLines": {
        "Lines": [
        ]
    },
    "PotionImmune": 0b,
    "AvoidsSun": 0b,
    "MercenaryDisableGui": 0b,
    "Texture": "customnpcs:textures/entity/1 giant whoop/christmas 01.png",
    "NpcJob": 0,
    "BurstCount": 1,
    "NpcAttackLines": {
        "Lines": [
        ]
    },
    "pSpeed": 10,
    "pArea": 0,
    "DeathTime": 0s,
    "pImpact": 0,
    "MoveState": 0,
    "pRender3D": 1b,
    "MercenaryDayRates": [
        {
            "Integer": 1,
            "Slot": 0
        }
    ],
    "Motion": [
        0.0d,
        -0.0784000015258789d,
        0.0d
    ],
    "CombatRegen": 0,
    "NpcsTimers": [
    ],
    "MarkovGender": 0,
    "pEffect": 0,
    "DistanceToMelee": 0,
    "NpcStepSound": "",
    "FireRate": 5,
    "LeftHanded": 0b,
    "pEffAmp": 0,
    "OnGround": 1b,
    "Dimension": 0,
    "ImmuneToFire": 0b,
    "NpcKilledLines": {
        "Lines": [
        ]
    },
    "Fire": -1s,
    "ArmorItems": [
        {
        },
        {
        },
        {
        },
        {
        }
    ],
    "DisablePitch": 0b,
    "pPhysics": 1b,
    "TransformHasInv": 0b,
    "NpcInteractLines": {
        "Lines": [
        ]
    },
    "HurtByTimestamp": 70,
    "pSpin": 0b,
    "NpcHurtSound": "minecraft:entity.player.hurt",
    "pTrail": 0,
    "CreatureType": 0,
    "Attributes": [
        {
            "Base": 15.0d,
            "Name": "generic.maxHealth"
        },
        {
            "Base": 0.0d,
            "Name": "generic.knockbackResistance"
        },
        {
            "Base": 0.3499999940395355d,
            "Name": "generic.movementSpeed"
        },
        {
            "Base": 0.0d,
            "Name": "generic.armor"
        },
        {
            "Base": 0.0d,
            "Name": "generic.armorToughness"
        },
        {
            "Base": 1.0d,
            "Name": "forge.swimSpeed"
        },
        {
            "Base": 32.0d,
            "Name": "generic.followRange"
        },
        {
            "Base": 5.0d,
            "Name": "generic.attackDamage"
        },
        {
            "Base": 0.699999988079071d,
            "Name": "generic.flyingSpeed"
        }
    ],
    "Invulnerable": 0b,
    "TransformHasDisplay": 0b,
    "NoFallDamage": 0b,
    "AbsorptionAmount": 0.0f,
    "TransformHasRole": 0b,
    "Name": "Christmas Elf",
    "FallDistance": 0.0f,
    "SkinColor": 16777215,
    "NpcIdleSound": "",
    "MercenaryDialogHired": "It's 245 days until Christmas!",
    "Weapons": [
        {
            "Slot": 0b,
            "ForgeCaps": {
                "customnpcs:itemscripteddata": {
                }
            },
            "id": "variedcommodities:stone_dagger",
            "Count": 1b,
            "tag": {
                "display": {
                    "Lore": [
                        "§7Harbors no special",
                        "§7properties, aside from",
                        "§7Christmas Cheer"
                    ],
                    "Name": "§8Elf Knife"
                }
            },
            "Damage": 0s
        }
    ],
    "NPCDialogOptions": [
    ],
    "AggroRange": 16,
    "DirectLOS": 1b,
    "HealthRegen": 1,
    "MercenaryRefuseSoulstone": 0b,
    "ForgeCaps": {
    },
    "HandDropChances": [
        0.085f,
        0.085f
    ],
    "MercenaryDialogFarewell": "Christmas is here!",
    "NpcModelData": {
        "LegsConfig": {
            "NotShared": 0b,
            "ScaleZ": 1.0f,
            "TransZ": 0.0f,
            "TransY": 0.0f,
            "TransX": 0.012000002f,
            "ScaleY": 1.0f,
            "ScaleX": 1.0f
        },
        "BodyConfig": {
            "NotShared": 0b,
            "ScaleZ": 1.0f,
            "TransZ": 0.0f,
            "TransY": 0.0f,
            "TransX": 0.0f,
            "ScaleY": 1.0f,
            "ScaleX": 1.0f
        },
        "Eyes": {
            "Pattern": 0b,
            "Glint": 1b,
            "Type": 1b,
            "PositionY": 0,
            "SkinColor": 11830381,
            "PlayerTexture": 0b,
            "Color": 2062110,
            "BrowColor": 1249551,
            "BrowThickness": 4
        },
        "LegParts": {
            "Pattern": 0b,
            "Type": 0b,
            "PlayerTexture": 0b,
            "Color": 16777215
        },
        "Parts": [
        ],
        "ArmsConfig": {
            "NotShared": 0b,
            "ScaleZ": 1.0f,
            "TransZ": 0.0f,
            "TransY": 0.0f,
            "TransX": -0.0f,
            "ScaleY": 1.0f,
            "ScaleX": 1.0f
        },
        "ExtraData": {
        },
        "HeadConfig": {
            "NotShared": 0b,
            "ScaleZ": 1.0f,
            "TransZ": 0.0f,
            "TransY": 0.0f,
            "TransX": 0.0f,
            "ScaleY": 1.0f,
            "ScaleX": 1.0f
        }
    },
    "minDelay": 20,
    "DoorInteract": 2,
    "MoveSpeed": 7,
    "TransformEditingModus": 0b,
    "UsingSkinUrl": 0b,
    "Leashed": 0b,
    "SkinUrl": "",
    "CanSwim": 1b,
    "MercenaryInv": {
        "NpcMiscInv": [
            {
                "Slot": 0b,
                "ForgeCaps": {
                    "customnpcs:itemscripteddata": {
                    }
                },
                "id": "minecraft:bread",
                "Count": 1b,
                "tag": {
                    "display": {
                        "Lore": [
                            "§7Completly edible, even the",
                            "§7gnome who lives within."
                        ],
                        "Name": "§8§lGingerbread House"
                    },
                    "GINGERBREADHOUSE": 1b,
                    "FOOD": 1b
                },
                "Damage": 0s
            }
        ]
    },
    "GroundSound": "minecraft:block.stone.break",
    "MaxHealth": 15,
    "HideBodyWhenKilled": 1b,
    "AttackSpeed": 5,
    "PotionDuration": 5,
    "maxDelay": 40,
    "ScriptEnabled": 0b,
    "Role": 2,
    "DropChance": [
        {
            "Integer": 1,
            "Slot": 0
        },
        {
            "Integer": 10,
            "Slot": 1
        },
        {
            "Integer": 25,
            "Slot": 2
        },
        {
            "Integer": 25,
            "Slot": 3
        },
        {
            "Integer": 25,
            "Slot": 4
        },
        {
            "Integer": 50,
            "Slot": 5
        },
        {
            "Integer": 50,
            "Slot": 6
        },
        {
            "Integer": 50,
            "Slot": 7
        },
        {
            "Integer": 50,
            "Slot": 8
        }
    ],
    "FactionPoints": {
        "DecreaseFaction1Points": 0b,
        "OptionFaction2Points": 100,
        "OptionFactions1": -1,
        "OptionFactions2": -1,
        "OptionFaction1Points": 100,
        "DecreaseFaction2Points": 0b
    },
    "pDamage": 4,
    "KilledTime": 0L,
    "MercenaryDaysHired": 0,
    "AimWhileShooting": 0b,
    "CanPickUpLoot": 0b,
    "AttackOtherFactions": 1b,
    "CanDrown": 1b,
    "pSize": 5,
    "CanSprint": 0b,
    "CanLeap": 1b,
    "TransformIsActive": 0b,
    "ForgeData": {
        "cnpcmarkdata": {
            "marks": [
            ]
        },
        "SpongeData": {
            "CanGrief": 1b,
            "maxAir": 300,
            "Creator": {
                "UUIDMost": 1068482843232520943L,
                "UUIDLeast": -7590605167998296007L
            }
        }
    },
    "MovingState": 0,
    "MovingPos": 0,
    "PotionAmp": 0,
    "OnAttack": 0,
    "TacticalRadius": 8,
    "FallFlying": 0b,
    "MaxExp": 15,
    "OrderedLines": 0b,
    "PortalCooldown": 0,
    "pGlows": 0b,
    "TransformHasAdvanced": 0b,
    "TransformHasStats": 0b,
    "MovementType": 0,
    "FiringSound": "minecraft:entity.arrow.shoot",
    "ModRev": 18,
    "Accuracy": 60,
    "MinExp": 5,
    "Armor": [
    ],
    "CloakTexture": "",
    "MercenaryIsFollowing": 1b,
    "GlowTexture": "",
    "MaxFiringRange": 15,
    "pXlr8": 0b,
    "MarkovGeneratorId": 0,
    "Scripts": [
    ],
    "Health": 15.0f,
    "pStick": 0b,
    "MovingPause": 1b,
    "NpcDeathSound": "minecraft:entity.player.hurt",
    "FactionID": 18,
    "Title": "Elf",
    "TotalTicksAlive": 30380L,
    "Rotation": [
        190.50064f,
        0.0f
    ],
    "ShowName": 1,
    "npcInteracting": 1b,
    "UpdateBlocked": 0b,
    "AvoidsWater": 1b,
    "NoLivingAnimation": 0b,
    "SpawnCycle": 3
}
