{
    "ReturnToStart": 1b,
    "NpcInv": [
        {
            "Slot": 0b,
            "ForgeCaps": {
                "customnpcs:itemscripteddata": {
                }
            },
            "id": "variedcommodities:orb",
            "Count": 1b,
            "tag": {
                "SCRIPTED": 1b,
                "OFFHAND": 1b,
                "TRINKET": 1b,
                "display": {
                    "Lore": [
                        "§6§l§o* Legendary §b[Orb]",
                        "§7",
                        "§7When in off hand:",
                        "§9 Summons an army of",
                        "§9 elves on nearby foes!"
                    ],
                    "Name": "§e[§6§lDLC§e] §2Christmas Orb"
                },
                "CHRISTMASORB": 1b,
                "DLC": 1b,
                "LEGENDARY": 1b,
                "FIRST100": 1b
            },
            "Damage": 10s
        },
        {
            "Slot": 3b,
            "ForgeCaps": {
                "customnpcs:itemscripteddata": {
                }
            },
            "id": "minecraft:apple",
            "Count": 1b,
            "tag": {
                "CANDYAPPLE": 1b,
                "ench": [
                    {
                        "lvl": 1s,
                        "id": 51s
                    }
                ],
                "HideFlags": 3,
                "display": {
                    "Lore": [
                        "§eAn Apple covered in a",
                        "§esugary, candy coating."
                    ],
                    "Name": "§cCandied Apple"
                },
                "FOOD": 1b
            },
            "Damage": 0s
        },
        {
            "Slot": 5b,
            "ForgeCaps": {
                "customnpcs:itemscripteddata": {
                }
            },
            "id": "minecraft:apple",
            "Count": 1b,
            "tag": {
                "CANDYAPPLE": 1b,
                "ench": [
                    {
                        "lvl": 1s,
                        "id": 51s
                    }
                ],
                "HideFlags": 3,
                "display": {
                    "Lore": [
                        "§eAn Apple covered in a",
                        "§esugary, candy coating."
                    ],
                    "Name": "§cCandied Apple"
                },
                "FOOD": 1b
            },
            "Damage": 0s
        }
    ],
    "BossColor": 2,
    "PotionEffect": 0,
    "Size": 5,
    "stopAndInteract": 1b,
    "Resistances": {
        "Arrow": 1.0f,
        "Explosion": 1.5070423f,
        "Knockback": 1.5070423f,
        "Melee": 1.0f
    },
    "BossBar": 1b,
    "RespawnTime": 0,
    "NpcAngrySound": "",
    "ReactsToFire": 0b,
    "IgnoreCobweb": 1b,
    "PositionOffsetZ": 5.0f,
    "PositionOffsetY": 5.0f,
    "PositionOffsetX": 5.0f,
    "LootMode": 0,
    "TransformHasAI": 0b,
    "AttackStrenght": 9,
    "PersistenceRequired": 0b,
    "id": "customnpcs:customnpc",
    "IsStatue": 0b,
    "MovingPatern": 0,
    "NpcLines": {
        "Lines": [
        ]
    },
    "DefendFaction": 0b,
    "FireIndirect": 0,
    "NpcVisible": 0,
    "LinkedNpcName": "",
    "NpcScenes": {
        "Scenes": [
        ]
    },
    "HitSound": "",
    "FindShelter": 2,
    "Air": 300s,
    "TacticalVariant": 0,
    "Orientation": 0,
    "ScriptLanguage": "ECMAScript",
    "HandItems": [
        {
        },
        {
        }
    ],
    "KnockBack": 0,
    "TransformHasJob": 0b,
    "ArmorDropChances": [
        0.085f,
        0.085f,
        0.085f,
        0.085f
    ],
    "BurnInSun": 0b,
    "StandingState": 0,
    "AttackInvisible": 0b,
    "NpcInteractNPCLines": {
        "Lines": [
        ]
    },
    "HurtTime": 0s,
    "WalkingRange": 10,
    "ShotCount": 1,
    "pDur": 5,
    "AttackRange": 2,
    "NpcKillLines": {
        "Lines": [
        ]
    },
    "PotionImmune": 0b,
    "AvoidsSun": 0b,
    "Texture": "customnpcs:textures/entity/1 giant whoop/christmas 06.png",
    "NpcJob": 0,
    "BurstCount": 8,
    "NpcAttackLines": {
        "Lines": [
        ]
    },
    "pSpeed": 10,
    "pArea": 0,
    "DeathTime": 0s,
    "pImpact": 0,
    "MoveState": 0,
    "pRender3D": 1b,
    "Motion": [
        0.0d,
        -0.0784000015258789d,
        0.0d
    ],
    "CombatRegen": 0,
    "NpcsTimers": [
    ],
    "MarkovGender": 0,
    "pEffect": 0,
    "DistanceToMelee": 64,
    "NpcStepSound": "",
    "FireRate": 2,
    "LeftHanded": 0b,
    "pEffAmp": 0,
    "OnGround": 1b,
    "Dimension": 0,
    "ImmuneToFire": 0b,
    "NpcKilledLines": {
        "Lines": [
        ]
    },
    "Fire": -1s,
    "ArmorItems": [
        {
        },
        {
        },
        {
        },
        {
        }
    ],
    "DisablePitch": 0b,
    "pPhysics": 0b,
    "TransformHasInv": 0b,
    "NpcInteractLines": {
        "Lines": [
        ]
    },
    "HurtByTimestamp": 2641,
    "pSpin": 0b,
    "NpcHurtSound": "minecraft:entity.player.hurt",
    "pTrail": 0,
    "CreatureType": 0,
    "Attributes": [
        {
            "Base": 300.0d,
            "Name": "generic.maxHealth"
        },
        {
            "Base": 0.0d,
            "Name": "generic.knockbackResistance"
        },
        {
            "Base": 0.20000000298023224d,
            "Name": "generic.movementSpeed"
        },
        {
            "Base": 0.0d,
            "Name": "generic.armor"
        },
        {
            "Base": 0.0d,
            "Name": "generic.armorToughness"
        },
        {
            "Base": 1.0d,
            "Name": "forge.swimSpeed"
        },
        {
            "Base": 32.0d,
            "Name": "generic.followRange"
        },
        {
            "Base": 9.0d,
            "Name": "generic.attackDamage"
        },
        {
            "Base": 0.4000000059604645d,
            "Name": "generic.flyingSpeed"
        }
    ],
    "Invulnerable": 0b,
    "TransformHasDisplay": 0b,
    "NoFallDamage": 0b,
    "AbsorptionAmount": 0.0f,
    "TransformHasRole": 0b,
    "Name": "SANTA BLACK",
    "FallDistance": 0.0f,
    "SkinColor": 16777215,
    "NpcIdleSound": "",
    "Weapons": [
        {
            "Slot": 1b,
            "ForgeCaps": {
                "customnpcs:itemscripteddata": {
                }
            },
            "id": "minecraft:concrete",
            "Count": 1b,
            "Damage": 14s
        }
    ],
    "NPCDialogOptions": [
    ],
    "AggroRange": 64,
    "DirectLOS": 0b,
    "HealthRegen": 1,
    "ForgeCaps": {
    },
    "HandDropChances": [
        0.085f,
        0.085f
    ],
    "NpcModelData": {
        "LegsConfig": {
            "NotShared": 0b,
            "ScaleZ": 1.2065217f,
            "TransZ": 0.0f,
            "TransY": 0.0f,
            "TransX": 0.03781522f,
            "ScaleY": 1.0f,
            "ScaleX": 1.2065217f
        },
        "BodyConfig": {
            "NotShared": 0b,
            "ScaleZ": 1.402174f,
            "TransZ": 0.0f,
            "TransY": 0.0f,
            "TransX": 0.0f,
            "ScaleY": 1.0f,
            "ScaleX": 1.3043478f
        },
        "Eyes": {
            "Pattern": 0b,
            "Glint": 1b,
            "Type": 0b,
            "PositionY": 2,
            "SkinColor": 10854548,
            "PlayerTexture": 0b,
            "Color": 16711680,
            "BrowColor": 14342356,
            "BrowThickness": 4
        },
        "LegParts": {
            "Pattern": 0b,
            "Type": 0b,
            "PlayerTexture": 0b,
            "Color": 16777215
        },
        "Parts": [
        ],
        "ArmsConfig": {
            "NotShared": 0b,
            "ScaleZ": 1.2065217f,
            "TransZ": 0.0f,
            "TransY": 0.0f,
            "TransX": 0.07608694f,
            "ScaleY": 1.0f,
            "ScaleX": 1.0f
        },
        "ExtraData": {
        },
        "HeadConfig": {
            "NotShared": 0b,
            "ScaleZ": 1.0f,
            "TransZ": 0.0f,
            "TransY": 0.0f,
            "TransX": 0.0f,
            "ScaleY": 1.0f,
            "ScaleX": 1.0543478f
        }
    },
    "minDelay": 20,
    "DoorInteract": 2,
    "MoveSpeed": 4,
    "TransformEditingModus": 0b,
    "UsingSkinUrl": 0b,
    "Leashed": 0b,
    "SkinUrl": "",
    "CanSwim": 1b,
    "GroundSound": "",
    "MaxHealth": 300,
    "HideBodyWhenKilled": 1b,
    "AttackSpeed": 20,
    "PotionDuration": 5,
    "maxDelay": 80,
    "ScriptEnabled": 1b,
    "Role": 0,
    "DropChance": [
        {
            "Integer": 100,
            "Slot": 0
        },
        {
            "Integer": 10,
            "Slot": 1
        },
        {
            "Integer": 25,
            "Slot": 2
        },
        {
            "Integer": 25,
            "Slot": 3
        },
        {
            "Integer": 25,
            "Slot": 4
        },
        {
            "Integer": 50,
            "Slot": 5
        },
        {
            "Integer": 50,
            "Slot": 6
        },
        {
            "Integer": 50,
            "Slot": 7
        },
        {
            "Integer": 50,
            "Slot": 8
        }
    ],
    "FactionPoints": {
        "DecreaseFaction1Points": 0b,
        "OptionFaction2Points": 100,
        "OptionFactions1": -1,
        "OptionFactions2": -1,
        "OptionFaction1Points": 100,
        "DecreaseFaction2Points": 0b
    },
    "pDamage": 8,
    "KilledTime": 0L,
    "AimWhileShooting": 0b,
    "CanPickUpLoot": 0b,
    "AttackOtherFactions": 1b,
    "CanDrown": 1b,
    "pSize": 5,
    "CanSprint": 0b,
    "CanLeap": 0b,
    "TransformIsActive": 0b,
    "ForgeData": {
        "cnpcmarkdata": {
            "marks": [
            ]
        },
        "SpongeData": {
            "CanGrief": 1b,
            "maxAir": 300,
            "Creator": {
                "UUIDMost": 1068482843232520943L,
                "UUIDLeast": -7590605167998296007L
            }
        }
    },
    "MovingState": 0,
    "MovingPos": 0,
    "PotionAmp": 0,
    "OnAttack": 0,
    "TacticalRadius": 8,
    "FallFlying": 0b,
    "MaxExp": 15,
    "OrderedLines": 0b,
    "PortalCooldown": 0,
    "pGlows": 0b,
    "TransformHasAdvanced": 0b,
    "TransformHasStats": 0b,
    "MovementType": 0,
    "FiringSound": "",
    "ModRev": 18,
    "Accuracy": 70,
    "MinExp": 5,
    "Armor": [
    ],
    "CloakTexture": "",
    "GlowTexture": "",
    "MaxFiringRange": 15,
    "pXlr8": 0b,
    "MarkovGeneratorId": 0,
    "Scripts": [
        {
            "Script": "/* v1.0 - Santa Black | NPCScript | Minecraft 1.12.2 (05Jul20) | Written by Rimscar
 * Requires: AudioJ2CK, CCRework, StandardUtil12
 */
var templateAttack, templateAttack;
var counter, soundCounter = 0;
var hoSounds = [ \"ho_2\", \"ho_3\", \"ho_4\", \"ho_5\", \"merry_2\" ];
var combatSounds = [ \"reload\", \"shell_casing_2\", \"shell_casing_3\", \"shell_casing_1\" ];
var gunItem = null;

function init(e){
    CC.npc = e.npc;
    CC.world = e.npc.world;
    gunItem = CC.world.createItem(\"variedcommodities:iron_gun\", 0, 1);
    CC.npc.getInventory().setRightHand(null);

    Audio.Init(e);
}

function tick(e){
    counter++;
    soundCounter--;

    if (e.npc.isAlive() && CC.LocateTarget() != null) {
        
        // Random HO HO HO sounds
        if (counter > 30 && Math.random() < 0.2 && soundCounter <= 0){
            var rIndex = Math.floor(Math.random() * hoSounds.length);
            Audio.Play(hoSounds[rIndex]);
            soundCounter = 13;
        }

        switch (CC.phaseNum) {
            case 0:
                counter = 0;
                CC.npc.getStats().getRanged().setMeleeRange(CC.npc.getStats().getAggroRange());
                CC.world.getTempdata().put(\"JBOSS\", \"jingle\");
                CC.npc.getInventory().setRightHand(null);
                CC.PlayPhaseTransition(1);
            case 1:
                switch(counter){
                    case 0:
                        break;
                    case 5:
                        Audio.Play(\"merry_1\");
                        break;
                    case 15:
                        Utilities.Broadcast(e, \"&2Santa is done giving gifts.\");
                        break;
                    case 20:
                        Utilities.Broadcast(e, \"&cNow he wants them back!\");
                        break;
                    case 25:
                        Audio.Play(\"ho_1\");
                        break;
                    case 50:
                        Audio.Play(\"merry_2\");
                        break;
                }
                CC.target.addPotionEffect(15, 5, 1, true); // Blindness
                
                if (CC.npc.getHealth() < CC.npc.getMaxHealth() / 2){
                    CC.npc.getStats().getRanged().setMeleeRange(7);
                    CC.npc.getInventory().setRightHand(gunItem);
                    Audio.Play(\"reload\");
                    CC.PlayPhaseTransition(2);
                } 
                break;
            case 2:
                // random gun loading sounds
                if (Math.random() < 0.25){
                    var rIndex = Math.floor(Math.random() * combatSounds.length);
                    Audio.Play(combatSounds[rIndex]);
                }
                break;
        }
    }
}

function OnReset(){
    CC.world.getTempdata().put(\"JBOSS\", null);
}

function kill(e){
    if (e.entity != null && e.entity.getType() == 1 && CC.target != null && CC.target.getType() == 1 && e.entity.getDisplayName() == CC.target.getDisplayName()){
        CC.world.getTempdata().put(\"JBOSS\", null);
        Audio.Play(\"merry_2\");
        e.npc.despawn();
    }
}

function died(e){
	CC.world.getTempdata().put(\"JBOSS\", null);
}

function damaged(e){
    if (e.source != null && Math.random() < 0.5){
        var loc = Utilities.GetSafeLocationNearEntity(e.source, 5, 16);
        e.npc.setPosition(loc.x, loc.y, loc.z);
    }
    var bonusDMG = e.npc.getMaxHealth() / 25;
    if (e.npc.getHealth() - e.damage - bonusDMG > 0){
        e.damage += bonusDMG;
    }
}

function meleeAttack(e){
    if (e.target != null && e.target.getType() == 1){

        var atleastOneFound = false;
        var inventoryItems = e.target.getInventory().getItems();
        for(var i = 0; i < inventoryItems.length; i++){
            var tagObj = Utilities.GetItemTags(inventoryItems[i]);
            if (tagObj != null && Utilities.HasTag(tagObj, \"TRINKET\") && !Utilities.HasTag(tagObj, \"QUEST\")){
                inventoryItems[i].setStackSize(inventoryItems[i].getStackSize() - 1);
                atleastOneFound = true;
                break;
            }
        }
        if (!atleastOneFound){
            CC.world.getTempdata().put(\"JBOSS\", null);
            Audio.Play(\"merry_2\");
            e.npc.despawn();
        }
    }
}

function rangedLaunched(e){
    Audio.Play(\"glock\");
    if (e.target != null && e.target.getType() == 1){
        e.target.addPotionEffect(15, 5, 1, true); // Blindness
    }
}",
            "Console": [
            ],
            "ScriptList": [
                {
                    "Line": "audioj2ck.js"
                },
                {
                    "Line": "ccrework.js"
                },
                {
                    "Line": "standardutil12.js"
                }
            ]
        }
    ],
    "Health": 300.0f,
    "pStick": 0b,
    "MovingPause": 1b,
    "NpcDeathSound": "minecraft:entity.player.hurt",
    "FactionID": 2,
    "Title": "",
    "TotalTicksAlive": 155681L,
    "Rotation": [
        308.72684f,
        0.0f
    ],
    "ShowName": 1,
    "npcInteracting": 1b,
    "UpdateBlocked": 0b,
    "AvoidsWater": 1b,
    "NoLivingAnimation": 0b,
    "SpawnCycle": 3
}
